judge,dataset,completeness,correctness,standards,understandability,terminology
Grok,g14-datahub,5,4,5,5,5
Grok,g04-recycl.,5,5,5,5,5
Grok,g12-camper,4,3,3,3,5
Grok,UHOPE,5,5,5,5,5
Grok,autopilot,5,5,5,5,5
Grok,FiniteState.,4,4,5,4,5
Grok,Inventory,4,4,5,4,5
Grok,Pacemaker,2,3,3,4,5
Mistral,g14-datahub,4,4,4,4,4
Mistral,g04-recycl.,4,4,5,4,4
Mistral,g12-camper,4,4,4,3,4
Mistral,UHOPE,5,5,4,4,4
Mistral,autopilot,4,4,4,4,4
Mistral,FiniteState.,4,4,5,4,4
Mistral,Inventory,4,4,5,4,4
Mistral,Pacemaker,3,3,3,4,4

